{
  "train_loss": [
    0.20824516541857757,
    0.1809120760050439,
    0.17845865879350037,
    0.1708625883773993,
    0.1737902839561455,
    0.165698632142926,
    0.16143625354721347,
    0.15429365879479257,
    0.16090981326712908,
    0.16297151034569923,
    0.16034781108148224,
    0.15948364718724753,
    0.14902519138942238,
    0.1510933427467146,
    0.14759019779340002,
    0.14072835195155545,
    0.14416175298677145,
    0.13851006639026503,
    0.1333132413791791,
    0.13361075017174692,
    0.13935114790237588,
    0.1337034551867547,
    0.13126535105113765,
    0.13105672677509658,
    0.1256847328698362,
    0.1291877492579795,
    0.12092252320233192,
    0.12832337299376043,
    0.1252351575282239,
    0.12496561431930266,
    0.13017977964673333,
    0.13495909621697347,
    0.13070312079810004,
    0.13193208004795867,
    0.1327228878574972,
    0.12212742236620597,
    0.12605656618039116,
    0.11746304121067505,
    0.12129987759217051,
    0.12531026381686444,
    0.12294224413637897,
    0.11618189701369701,
    0.11160346100689801,
    0.10870048102304225,
    0.11657228551179398,
    0.10541880580077645,
    0.11696252430156442,
    0.10308286217787793,
    0.11500749193871294,
    0.10193154466061191
  ],
  "train_acc": [
    55.534351145038165,
    59.9236641221374,
    61.6412213740458,
    62.45229007633588,
    62.73854961832061,
    66.17366412213741,
    66.55534351145039,
    67.70038167938931,
    67.22328244274809,
    66.69847328244275,
    67.27099236641222,
    65.64885496183206,
    71.89885496183206,
    70.32442748091603,
    71.46946564885496,
    72.6145038167939,
    72.75763358778626,
    71.70801526717557,
    74.66603053435115,
    73.37786259541984,
    74.42748091603053,
    74.90458015267176,
    76.19274809160305,
    75.4293893129771,
    75.2385496183206,
    74.90458015267176,
    75.4293893129771,
    76.00190839694656,
    77.00381679389314,
    75.62022900763358,
    74.71374045801527,
    73.23473282442748,
    75.47709923664122,
    72.18511450381679,
    76.38358778625954,
    77.05152671755725,
    76.33587786259542,
    79.19847328244275,
    78.33969465648855,
    78.53053435114504,
    77.33778625954199,
    79.1030534351145,
    80.05725190839695,
    82.63358778625954,
    78.57824427480917,
    79.58015267175573,
    79.86641221374046,
    82.39503816793894,
    79.38931297709924,
    82.39503816793894
  ],
  "val_loss": [
    0.21476383815551625,
    0.20816046564743437,
    0.21413418650627136,
    0.21072616685053397,
    0.1974261749921174,
    0.2049123696212111,
    0.19988698846307293,
    0.1985889303273168,
    0.1951500192798417,
    0.18630190142269792,
    0.1752839204052399,
    0.16581537959904508,
    0.1713591960483584,
    0.16566262599723092,
    0.16535144941560154,
    0.1631640211261552,
    0.17152153315215274,
    0.1607964976594366,
    0.1550920993603509,
    0.14701992453172288,
    0.1486955041001583,
    0.14458340689026075,
    0.1409525773648558,
    0.13583978727973742,
    0.13713741405256863,
    0.13324839955773846,
    0.13131534359578428,
    0.12678084137110873,
    0.12600342055846905,
    0.12350048381706764,
    0.12401363304976759,
    0.12093173275733816,
    0.12038042242157049,
    0.11763578704718886,
    0.11783704649785469,
    0.11545338507356315,
    0.11497919492680451,
    0.11170659548249738,
    0.10926855817951005,
    0.10944956823669631,
    0.10965185561056795,
    0.1063024846130404,
    0.10596747824857974,
    0.1009526679228092,
    0.10051130323574461,
    0.09961284979664047,
    0.09754882007837296,
    0.09662947495435846,
    0.09610440530653658,
    0.09406804627385633
  ],
  "val_acc": [
    49.111111111111114,
    48.22222222222222,
    48.22222222222222,
    48.0,
    49.77777777777778,
    51.333333333333336,
    51.77777777777778,
    50.22222222222222,
    51.333333333333336,
    53.77777777777778,
    56.22222222222222,
    59.55555555555556,
    59.333333333333336,
    59.111111111111114,
    61.111111111111114,
    61.77777777777778,
    56.666666666666664,
    62.0,
    62.888888888888886,
    68.0,
    64.66666666666667,
    67.11111111111111,
    72.0,
    76.22222222222223,
    74.0,
    74.66666666666667,
    76.0,
    78.66666666666667,
    77.11111111111111,
    79.33333333333333,
    78.0,
    82.0,
    80.22222222222223,
    81.55555555555556,
    81.55555555555556,
    82.44444444444444,
    82.88888888888889,
    82.66666666666667,
    84.88888888888889,
    83.33333333333333,
    82.88888888888889,
    85.11111111111111,
    85.11111111111111,
    86.88888888888889,
    85.77777777777777,
    86.22222222222223,
    87.77777777777777,
    86.0,
    86.88888888888889,
    86.88888888888889
  ]
}